acsr_nm,day_type,hour,stage0_zr,stage1_zr,stage2_zr,final_stage,exp_count,act_count,n_zero_baseline,n_total_baseline,baseline_median
항동중학교입구3R-남(북향),평일,00,0.0435,-,-,0,46,44,0,44,65.0
항동중학교입구3R-남(북향),평일,00,0.0244,-,-,0,41,40,0,76,68.0
항동중학교입구3R-남(북향),평일,01,0.0435,-,-,0,46,44,0,44,43.0
항동중학교입구3R-남(북향),평일,01,0.0244,-,-,0,41,40,0,76,44.0
항동중학교입구3R-남(북향),평일,02,0.0435,-,-,0,46,44,0,44,35.0
항동중학교입구3R-남(북향),평일,02,0.0244,-,-,0,41,40,0,76,34.0
항동중학교입구3R-남(북향),평일,03,0.0435,-,-,0,46,44,0,44,37.0
항동중학교입구3R-남(북향),평일,03,0.0244,-,-,0,41,40,0,76,34.0
항동중학교입구3R-남(북향),평일,04,0.0435,-,-,0,46,44,0,44,85.0
항동중학교입구3R-남(북향),평일,04,0.0244,-,-,0,41,40,0,75,77.5
항동중학교입구3R-남(북향),평일,05,0.0435,-,-,0,46,44,0,44,231.0
항동중학교입구3R-남(북향),평일,05,0.0244,-,-,0,41,40,0,75,189.0
항동중학교입구3R-남(북향),평일,06,0.0435,-,-,0,46,44,0,44,371.0
항동중학교입구3R-남(북향),평일,06,0.0244,-,-,0,41,40,0,75,338.0
항동중학교입구3R-남(북향),평일,07,0.0435,-,-,0,46,44,0,44,544.5
항동중학교입구3R-남(북향),평일,07,0.0244,-,-,0,41,40,0,75,542.0
항동중학교입구3R-남(북향),평일,08,0.0652,-,-,0,46,43,0,43,585.0
항동중학교입구3R-남(북향),평일,08,0.0244,-,-,0,41,40,0,75,575.5
항동중학교입구3R-남(북향),평일,09,0.0435,-,-,0,46,44,0,44,503.0
항동중학교입구3R-남(북향),평일,09,0.0488,-,-,0,41,39,0,74,513.0
항동중학교입구3R-남(북향),평일,10,0.0435,-,-,0,46,44,0,44,428.5
항동중학교입구3R-남(북향),평일,10,0.0488,-,-,0,41,39,0,74,384.0
항동중학교입구3R-남(북향),평일,11,0.0870,-,-,0,46,42,0,42,400.0
항동중학교입구3R-남(북향),평일,11,0.0488,-,-,0,41,39,0,74,353.0
항동중학교입구3R-남(북향),평일,12,0.0652,-,-,0,46,43,0,43,389.0
항동중학교입구3R-남(북향),평일,12,0.0244,-,-,0,41,40,0,75,340.5
항동중학교입구3R-남(북향),평일,13,0.0217,-,-,0,46,45,0,45,416.5
항동중학교입구3R-남(북향),평일,13,0.0244,-,-,0,41,40,0,75,354.0
항동중학교입구3R-남(북향),평일,14,0.0217,-,-,0,46,45,0,45,393.0
항동중학교입구3R-남(북향),평일,14,0.0244,-,-,0,41,40,0,74,357.0
항동중학교입구3R-남(북향),평일,15,0.0435,-,-,0,46,44,0,44,427.0
항동중학교입구3R-남(북향),평일,15,0.0000,-,-,0,41,41,0,77,395.0
항동중학교입구3R-남(북향),평일,16,0.0435,-,-,0,46,44,0,44,491.0
항동중학교입구3R-남(북향),평일,16,0.0000,-,-,0,41,41,0,77,487.0
항동중학교입구3R-남(북향),평일,17,0.0435,-,-,0,46,44,0,44,562.5
항동중학교입구3R-남(북향),평일,17,0.0000,-,-,0,41,41,0,77,563.0
항동중학교입구3R-남(북향),평일,18,0.0435,-,-,0,46,44,0,44,647.0
항동중학교입구3R-남(북향),평일,18,0.0000,-,-,0,41,41,0,77,623.0
항동중학교입구3R-남(북향),평일,19,0.0435,-,-,0,46,44,0,44,481.0
항동중학교입구3R-남(북향),평일,19,0.0000,-,-,0,41,41,0,77,459.5
항동중학교입구3R-남(북향),평일,20,0.0435,-,-,0,46,44,0,44,304.5
항동중학교입구3R-남(북향),평일,20,0.0000,-,-,0,41,41,0,77,306.0
항동중학교입구3R-남(북향),평일,21,0.0435,-,-,0,46,44,0,44,255.0
항동중학교입구3R-남(북향),평일,21,0.0000,-,-,0,41,41,1,77,246.0
항동중학교입구3R-남(북향),평일,22,0.0435,-,-,0,46,44,0,44,190.0
항동중학교입구3R-남(북향),평일,22,0.0244,-,-,0,41,40,0,76,177.5
항동중학교입구3R-남(북향),평일,23,0.0435,-,-,0,46,44,0,44,120.5
항동중학교입구3R-남(북향),평일,23,0.0244,-,-,0,41,40,0,77,116.0
항동중학교입구3R-남(북향),토요일,00,0.0000,-,-,0,8,8,0,8,118.0
항동중학교입구3R-남(북향),토요일,00,0.0000,-,-,0,8,8,0,15,112.0
항동중학교입구3R-남(북향),토요일,01,0.0000,-,-,0,8,8,0,8,66.0
항동중학교입구3R-남(북향),토요일,01,0.0000,-,-,0,8,8,0,15,66.0
항동중학교입구3R-남(북향),토요일,02,0.0000,-,-,0,8,8,0,8,51.0
항동중학교입구3R-남(북향),토요일,02,0.0000,-,-,0,8,8,0,15,50.0
항동중학교입구3R-남(북향),토요일,03,0.0000,-,-,0,8,8,0,8,44.5
항동중학교입구3R-남(북향),토요일,03,0.0000,-,-,0,8,8,0,15,41.0
항동중학교입구3R-남(북향),토요일,04,0.0000,-,-,0,8,8,0,8,68.0
항동중학교입구3R-남(북향),토요일,04,0.0000,-,-,0,8,8,0,15,66.0
항동중학교입구3R-남(북향),토요일,05,0.0000,-,-,0,8,8,0,8,155.5
항동중학교입구3R-남(북향),토요일,05,0.0000,-,-,0,8,8,0,15,147.0
항동중학교입구3R-남(북향),토요일,06,0.0000,-,-,0,8,8,0,8,204.0
항동중학교입구3R-남(북향),토요일,06,0.0000,-,-,0,8,8,0,15,201.0
항동중학교입구3R-남(북향),토요일,07,0.0000,-,-,0,8,8,0,8,233.0
항동중학교입구3R-남(북향),토요일,07,0.0000,-,-,0,8,8,0,15,243.0
항동중학교입구3R-남(북향),토요일,08,0.0000,-,-,0,8,8,0,8,302.5
항동중학교입구3R-남(북향),토요일,08,0.0000,-,-,0,8,8,0,15,317.5
항동중학교입구3R-남(북향),토요일,09,0.0000,-,-,0,8,8,0,8,427.0
항동중학교입구3R-남(북향),토요일,09,0.0000,-,-,0,8,8,0,15,414.0
항동중학교입구3R-남(북향),토요일,10,0.0000,-,-,0,8,8,0,8,474.0
항동중학교입구3R-남(북향),토요일,10,0.0000,-,-,0,8,8,0,15,439.0
항동중학교입구3R-남(북향),토요일,11,0.0000,-,-,0,8,8,0,8,499.5
항동중학교입구3R-남(북향),토요일,11,0.0000,-,-,0,8,8,0,15,508.0
항동중학교입구3R-남(북향),토요일,12,0.0000,-,-,0,8,8,0,8,482.5
항동중학교입구3R-남(북향),토요일,12,0.0000,-,-,0,8,8,0,15,482.0
항동중학교입구3R-남(북향),토요일,13,0.0000,-,-,0,8,8,0,8,487.0
항동중학교입구3R-남(북향),토요일,13,0.0000,-,-,0,8,8,0,15,478.0
항동중학교입구3R-남(북향),토요일,14,0.0000,-,-,0,8,8,0,8,474.0
항동중학교입구3R-남(북향),토요일,14,0.0000,-,-,0,8,8,0,15,467.0
항동중학교입구3R-남(북향),토요일,15,0.0000,-,-,0,8,8,0,8,468.0
항동중학교입구3R-남(북향),토요일,15,0.0000,-,-,0,8,8,0,15,500.5
항동중학교입구3R-남(북향),토요일,16,0.0000,-,-,0,8,8,0,8,484.5
항동중학교입구3R-남(북향),토요일,16,0.0000,-,-,0,8,8,0,14,504.0
항동중학교입구3R-남(북향),토요일,17,0.0000,-,-,0,8,8,0,8,491.5
항동중학교입구3R-남(북향),토요일,17,0.0000,-,-,0,8,8,0,14,488.5
항동중학교입구3R-남(북향),토요일,18,0.0000,-,-,0,8,8,0,8,428.5
항동중학교입구3R-남(북향),토요일,18,0.0000,-,-,0,8,8,0,14,427.0
항동중학교입구3R-남(북향),토요일,19,0.0000,-,-,0,8,8,0,8,323.5
항동중학교입구3R-남(북향),토요일,19,0.0000,-,-,0,8,8,0,14,315.0
항동중학교입구3R-남(북향),토요일,20,0.0000,-,-,0,8,8,0,8,281.5
항동중학교입구3R-남(북향),토요일,20,0.0000,-,-,0,8,8,0,15,283.0
항동중학교입구3R-남(북향),토요일,21,0.0000,-,-,0,8,8,0,8,229.0
항동중학교입구3R-남(북향),토요일,21,0.0000,-,-,0,8,8,0,15,232.0
항동중학교입구3R-남(북향),토요일,22,0.0000,-,-,0,8,8,0,8,177.0
항동중학교입구3R-남(북향),토요일,22,0.0000,-,-,0,8,8,0,15,176.0
항동중학교입구3R-남(북향),토요일,23,0.0000,-,-,0,8,8,0,8,114.5
항동중학교입구3R-남(북향),토요일,23,0.0000,-,-,0,8,8,0,15,115.0
항동중학교입구3R-남(북향),일·공휴일,00,0.0000,-,-,0,8,8,0,8,93.0
항동중학교입구3R-남(북향),일·공휴일,00,0.0000,-,-,0,8,8,0,15,94.0
항동중학교입구3R-남(북향),일·공휴일,01,0.0000,-,-,0,8,8,0,8,66.5
항동중학교입구3R-남(북향),일·공휴일,01,0.0000,-,-,0,8,8,0,15,61.0
항동중학교입구3R-남(북향),일·공휴일,02,0.0000,-,-,0,8,8,0,8,50.0
항동중학교입구3R-남(북향),일·공휴일,02,0.0000,-,-,0,8,8,0,15,50.0
항동중학교입구3R-남(북향),일·공휴일,03,0.0000,-,-,0,8,8,0,8,29.0
항동중학교입구3R-남(북향),일·공휴일,03,0.0000,-,-,0,8,8,0,15,30.0
항동중학교입구3R-남(북향),일·공휴일,04,0.0000,-,-,0,8,8,0,8,52.0
항동중학교입구3R-남(북향),일·공휴일,04,0.0000,-,-,0,8,8,0,15,39.0
항동중학교입구3R-남(북향),일·공휴일,05,0.0000,-,-,0,8,8,0,8,79.0
항동중학교입구3R-남(북향),일·공휴일,05,0.0000,-,-,0,8,8,0,15,75.0
항동중학교입구3R-남(북향),일·공휴일,06,0.0000,-,-,0,8,8,0,8,114.0
항동중학교입구3R-남(북향),일·공휴일,06,0.0000,-,-,0,8,8,0,15,109.5
항동중학교입구3R-남(북향),일·공휴일,07,0.0000,-,-,0,8,8,0,8,145.0
항동중학교입구3R-남(북향),일·공휴일,07,0.0000,-,-,0,8,8,0,15,138.0
항동중학교입구3R-남(북향),일·공휴일,08,0.0000,-,-,0,8,8,0,8,225.0
항동중학교입구3R-남(북향),일·공휴일,08,0.0000,-,-,0,8,8,0,15,225.0
항동중학교입구3R-남(북향),일·공휴일,09,0.0000,-,-,0,8,8,0,8,320.0
항동중학교입구3R-남(북향),일·공휴일,09,0.0000,-,-,0,8,8,0,15,320.0
항동중학교입구3R-남(북향),일·공휴일,10,0.0000,-,-,0,8,8,0,8,434.0
항동중학교입구3R-남(북향),일·공휴일,10,0.1250,-,-,0,8,7,0,14,403.5
항동중학교입구3R-남(북향),일·공휴일,11,0.0000,-,-,0,8,8,0,8,437.5
항동중학교입구3R-남(북향),일·공휴일,11,0.1250,-,-,0,8,7,0,14,361.0
항동중학교입구3R-남(북향),일·공휴일,12,0.0000,-,-,0,8,8,0,8,467.0
항동중학교입구3R-남(북향),일·공휴일,12,0.0000,-,-,0,8,8,0,15,410.0
항동중학교입구3R-남(북향),일·공휴일,13,0.0000,-,-,0,8,8,0,8,504.5
항동중학교입구3R-남(북향),일·공휴일,13,0.0000,-,-,0,8,8,0,15,440.0
항동중학교입구3R-남(북향),일·공휴일,14,0.0000,-,-,0,8,8,0,8,517.5
항동중학교입구3R-남(북향),일·공휴일,14,0.0000,-,-,0,8,8,0,15,435.0
항동중학교입구3R-남(북향),일·공휴일,15,0.0000,-,-,0,8,8,0,8,490.5
항동중학교입구3R-남(북향),일·공휴일,15,0.0000,-,-,0,8,8,0,15,437.5
항동중학교입구3R-남(북향),일·공휴일,16,0.0000,-,-,0,8,8,0,8,485.0
항동중학교입구3R-남(북향),일·공휴일,16,0.0000,-,-,0,8,8,0,15,416.0
항동중학교입구3R-남(북향),일·공휴일,17,0.0000,-,-,0,8,8,0,8,467.0
항동중학교입구3R-남(북향),일·공휴일,17,0.0000,-,-,0,8,8,0,15,419.0
항동중학교입구3R-남(북향),일·공휴일,18,0.0000,-,-,0,8,8,0,8,395.5
항동중학교입구3R-남(북향),일·공휴일,18,0.0000,-,-,0,8,8,0,15,359.0
항동중학교입구3R-남(북향),일·공휴일,19,0.0000,-,-,0,8,8,0,8,321.5
항동중학교입구3R-남(북향),일·공휴일,19,0.0000,-,-,0,8,8,0,15,322.0
항동중학교입구3R-남(북향),일·공휴일,20,0.0000,-,-,0,8,8,0,8,272.0
항동중학교입구3R-남(북향),일·공휴일,20,0.0000,-,-,0,8,8,0,15,273.0
항동중학교입구3R-남(북향),일·공휴일,21,0.0000,-,-,0,8,8,0,8,254.0
항동중학교입구3R-남(북향),일·공휴일,21,0.0000,-,-,0,8,8,0,15,209.5
항동중학교입구3R-남(북향),일·공휴일,22,0.0000,-,-,0,8,8,0,8,152.5
항동중학교입구3R-남(북향),일·공휴일,22,0.0000,-,-,0,8,8,0,15,143.0
항동중학교입구3R-남(북향),일·공휴일,23,0.0000,-,-,0,8,8,0,8,99.0
항동중학교입구3R-남(북향),일·공휴일,23,0.0000,-,-,0,8,8,0,15,90.0
항동중학교입구3R-북(남향),평일,00,1.0000,0.7955,-,1,46,0,0,200,79.0
항동중학교입구3R-북(남향),평일,00,0.9024,0.8062,0.6176,2,41,4,0,36,79.0
항동중학교입구3R-북(남향),평일,01,1.0000,0.7955,-,1,46,0,0,200,43.5
항동중학교입구3R-북(남향),평일,01,0.9024,0.8062,0.6176,2,41,4,0,36,51.5
항동중학교입구3R-북(남향),평일,02,1.0000,0.7955,-,1,46,0,0,200,29.0
항동중학교입구3R-북(남향),평일,02,0.9024,0.8062,0.6176,2,41,4,0,36,36.0
항동중학교입구3R-북(남향),평일,03,1.0000,0.7955,-,1,46,0,0,200,34.0
항동중학교입구3R-북(남향),평일,03,0.9024,0.8062,0.6176,2,41,4,0,36,34.0
항동중학교입구3R-북(남향),평일,04,1.0000,0.8030,0.6195,2,46,0,0,199,68.0
항동중학교입구3R-북(남향),평일,04,0.9024,0.8062,0.6195,2,41,4,0,35,68.0
항동중학교입구3R-북(남향),평일,05,1.0000,0.8030,0.6233,2,46,0,0,197,171.0
항동중학교입구3R-북(남향),평일,05,0.9024,0.8062,0.6233,2,41,4,0,35,171.0
항동중학교입구3R-북(남향),평일,06,1.0000,0.8030,0.6233,2,46,0,0,197,322.0
항동중학교입구3R-북(남향),평일,06,0.9024,0.8062,0.6233,2,41,4,0,35,322.0
항동중학교입구3R-북(남향),평일,07,1.0000,0.8030,0.6233,2,46,0,0,197,627.5
항동중학교입구3R-북(남향),평일,07,0.9024,0.8062,0.6233,2,41,4,0,35,627.5
항동중학교입구3R-북(남향),평일,08,1.0000,0.8030,0.6233,2,46,0,0,197,646.0
항동중학교입구3R-북(남향),평일,08,0.9024,0.8062,0.6233,2,41,4,0,35,646.0
항동중학교입구3R-북(남향),평일,09,1.0000,0.8030,0.6214,2,46,0,0,198,523.0
항동중학교입구3R-북(남향),평일,09,0.9024,0.8062,0.6214,2,41,4,0,35,523.0
항동중학교입구3R-북(남향),평일,10,1.0000,0.7955,-,1,46,0,0,199,437.0
항동중학교입구3R-북(남향),평일,10,0.8780,0.8140,0.6195,2,41,5,0,37,397.0
항동중학교입구3R-북(남향),평일,11,1.0000,0.7955,-,1,46,0,0,196,422.0
항동중학교입구3R-북(남향),평일,11,0.8780,0.8062,0.6252,2,41,5,0,37,351.5
항동중학교입구3R-북(남향),평일,12,1.0000,0.7955,-,1,46,0,0,195,398.0
항동중학교입구3R-북(남향),평일,12,0.8780,0.8062,0.6272,2,41,5,0,37,346.0
항동중학교입구3R-북(남향),평일,13,1.0000,0.7955,-,1,46,0,0,195,417.0
항동중학교입구3R-북(남향),평일,13,0.8780,0.8062,0.6272,2,41,5,0,37,377.0
항동중학교입구3R-북(남향),평일,14,1.0000,0.8030,0.6272,2,46,0,0,195,387.0
항동중학교입구3R-북(남향),평일,14,0.8780,0.8062,0.6272,2,41,5,0,36,387.0
항동중학교입구3R-북(남향),평일,15,1.0000,0.7879,-,1,46,0,0,198,478.0
항동중학교입구3R-북(남향),평일,15,0.8537,0.7984,-,1,41,6,0,38,403.0
항동중학교입구3R-북(남향),평일,16,1.0000,0.7879,-,1,46,0,0,198,581.0
항동중학교입구3R-북(남향),평일,16,0.8537,0.7907,-,1,41,6,0,38,506.0
항동중학교입구3R-북(남향),평일,17,1.0000,0.7879,-,1,46,0,0,201,636.5
항동중학교입구3R-북(남향),평일,17,0.8537,0.7907,-,1,41,6,0,38,624.0
항동중학교입구3R-북(남향),평일,18,1.0000,0.7879,-,1,46,0,0,203,631.0
항동중학교입구3R-북(남향),평일,18,0.8537,0.7907,-,1,41,6,0,38,640.0
항동중학교입구3R-북(남향),평일,19,1.0000,0.7879,-,1,46,0,0,203,496.5
항동중학교입구3R-북(남향),평일,19,0.8537,0.7907,-,1,41,6,0,38,488.5
항동중학교입구3R-북(남향),평일,20,1.0000,0.7879,-,1,46,0,0,204,328.0
항동중학교입구3R-북(남향),평일,20,0.8537,0.7907,-,1,41,6,0,38,312.0
항동중학교입구3R-북(남향),평일,21,1.0000,0.7879,-,1,46,0,0,204,273.0
항동중학교입구3R-북(남향),평일,21,0.8537,0.7907,-,1,41,6,1,38,246.0
항동중학교입구3R-북(남향),평일,22,1.0000,0.7955,-,1,46,0,0,203,197.0
항동중학교입구3R-북(남향),평일,22,0.8780,0.7984,-,1,41,5,0,37,190.0
항동중학교입구3R-북(남향),평일,23,1.0000,0.7879,-,1,46,0,0,204,118.0
항동중학교입구3R-북(남향),평일,23,0.8780,0.7984,-,1,41,5,0,38,124.5
항동중학교입구3R-북(남향),토요일,00,1.0000,0.7917,0.6250,2,8,0,0,39,112.0
항동중학교입구3R-북(남향),토요일,00,0.8750,0.7692,-,1,8,1,0,7,105.0
항동중학교입구3R-북(남향),토요일,01,1.0000,0.7917,0.6250,2,8,0,0,39,73.0
항동중학교입구3R-북(남향),토요일,01,0.8750,0.7692,-,1,8,1,0,7,79.0
항동중학교입구3R-북(남향),토요일,02,1.0000,0.8333,0.6346,2,8,0,0,38,53.0
항동중학교입구3R-북(남향),토요일,02,0.8750,0.7692,-,1,8,1,0,6,50.0
항동중학교입구3R-북(남향),토요일,03,1.0000,0.7917,0.6250,2,8,0,0,39,41.0
항동중학교입구3R-북(남향),토요일,03,0.8750,0.7692,-,1,8,1,0,7,42.0
항동중학교입구3R-북(남향),토요일,04,1.0000,0.7917,-,1,8,0,0,39,42.0
항동중학교입구3R-북(남향),토요일,04,0.8750,0.7692,-,1,8,1,0,7,60.5
항동중학교입구3R-북(남향),토요일,05,1.0000,0.7917,-,1,8,0,0,39,99.0
항동중학교입구3R-북(남향),토요일,05,0.8750,0.7692,-,1,8,1,0,7,115.0
항동중학교입구3R-북(남향),토요일,06,1.0000,0.7917,0.6250,2,8,0,0,39,193.0
항동중학교입구3R-북(남향),토요일,06,0.8750,0.7692,-,1,8,1,0,7,160.0
항동중학교입구3R-북(남향),토요일,07,1.0000,0.7917,0.6250,2,8,0,0,39,243.0
항동중학교입구3R-북(남향),토요일,07,0.8750,0.7692,-,1,8,1,0,7,211.5
항동중학교입구3R-북(남향),토요일,08,1.0000,0.7917,0.6250,2,8,0,0,39,347.0
항동중학교입구3R-북(남향),토요일,08,0.8750,0.7692,-,1,8,1,0,7,347.0
항동중학교입구3R-북(남향),토요일,09,1.0000,0.7917,0.6250,2,8,0,0,39,422.0
항동중학교입구3R-북(남향),토요일,09,0.8750,0.7692,0.6250,2,8,1,0,7,422.0
항동중학교입구3R-북(남향),토요일,10,1.0000,0.7917,0.6250,2,8,0,0,39,452.0
항동중학교입구3R-북(남향),토요일,10,0.8750,0.7692,-,1,8,1,0,7,413.0
항동중학교입구3R-북(남향),토요일,11,1.0000,0.7917,0.6250,2,8,0,0,39,517.5
항동중학교입구3R-북(남향),토요일,11,0.8750,0.7692,-,1,8,1,0,7,486.5
항동중학교입구3R-북(남향),토요일,12,1.0000,0.7917,0.6250,2,8,0,0,39,506.0
항동중학교입구3R-북(남향),토요일,12,0.8750,0.7692,-,1,8,1,0,7,468.5
항동중학교입구3R-북(남향),토요일,13,1.0000,0.7917,0.6250,2,8,0,0,39,513.5
항동중학교입구3R-북(남향),토요일,13,0.8750,0.7692,-,1,8,1,0,7,478.0
항동중학교입구3R-북(남향),토요일,14,1.0000,0.7917,0.6250,2,8,0,0,39,498.5
항동중학교입구3R-북(남향),토요일,14,0.8750,0.7692,-,1,8,1,0,7,455.5
항동중학교입구3R-북(남향),토요일,15,1.0000,0.7917,0.6250,2,8,0,0,39,527.5
항동중학교입구3R-북(남향),토요일,15,0.8750,0.7692,-,1,8,1,0,7,491.5
항동중학교입구3R-북(남향),토요일,16,1.0000,0.8333,0.6346,2,8,0,0,38,552.0
항동중학교입구3R-북(남향),토요일,16,0.8750,0.7692,-,1,8,1,0,6,567.5
항동중학교입구3R-북(남향),토요일,17,1.0000,0.8333,0.6346,2,8,0,0,38,570.0
항동중학교입구3R-북(남향),토요일,17,0.8750,0.7692,-,1,8,1,0,6,561.0
항동중학교입구3R-북(남향),토요일,18,1.0000,0.8333,0.6442,2,8,0,0,37,457.0
항동중학교입구3R-북(남향),토요일,18,0.8750,0.7692,-,1,8,1,0,6,452.0
항동중학교입구3R-북(남향),토요일,19,1.0000,0.8333,0.6538,2,8,0,0,36,379.5
항동중학교입구3R-북(남향),토요일,19,0.8750,0.7692,-,1,8,1,0,6,355.0
항동중학교입구3R-북(남향),토요일,20,1.0000,0.7917,0.6442,2,8,0,0,37,293.0
항동중학교입구3R-북(남향),토요일,20,0.8750,0.7692,0.6442,2,8,1,0,7,293.0
항동중학교입구3R-북(남향),토요일,21,1.0000,0.7917,0.6442,2,8,0,0,37,244.0
항동중학교입구3R-북(남향),토요일,21,0.8750,0.7692,0.6442,2,8,1,0,7,244.0
항동중학교입구3R-북(남향),토요일,22,1.0000,0.7917,0.6442,2,8,0,0,37,188.0
항동중학교입구3R-북(남향),토요일,22,0.8750,0.7692,-,1,8,1,0,7,180.0
항동중학교입구3R-북(남향),토요일,23,1.0000,0.7917,0.6538,2,8,0,0,36,128.0
항동중학교입구3R-북(남향),토요일,23,0.8750,0.7692,0.6538,2,8,1,0,7,128.0
항동중학교입구3R-북(남향),일·공휴일,00,1.0000,0.8000,0.6538,2,8,0,0,36,92.0
항동중학교입구3R-북(남향),일·공휴일,00,0.8750,0.7692,-,1,8,1,0,7,82.5
항동중학교입구3R-북(남향),일·공휴일,01,1.0000,0.8000,0.6538,2,8,0,0,36,58.0
항동중학교입구3R-북(남향),일·공휴일,01,0.8750,0.7692,-,1,8,1,0,7,57.0
항동중학교입구3R-북(남향),일·공휴일,02,1.0000,0.8000,0.6538,2,8,0,0,36,43.0
항동중학교입구3R-북(남향),일·공휴일,02,0.8750,0.7692,-,1,8,1,0,7,39.5
항동중학교입구3R-북(남향),일·공휴일,03,1.0000,0.8000,0.6538,2,8,0,0,36,32.5
항동중학교입구3R-북(남향),일·공휴일,03,0.8750,0.7692,-,1,8,1,0,7,26.5
항동중학교입구3R-북(남향),일·공휴일,04,1.0000,0.8000,0.6538,2,8,0,0,36,42.0
항동중학교입구3R-북(남향),일·공휴일,04,0.8750,0.7692,-,1,8,1,0,7,32.5
항동중학교입구3R-북(남향),일·공휴일,05,1.0000,0.8000,0.6538,2,8,0,0,36,80.0
항동중학교입구3R-북(남향),일·공휴일,05,0.8750,0.7692,-,1,8,1,0,7,57.0
항동중학교입구3R-북(남향),일·공휴일,06,1.0000,0.8400,0.6731,2,8,0,0,34,114.5
항동중학교입구3R-북(남향),일·공휴일,06,0.8750,0.7692,-,1,8,1,0,6,89.5
항동중학교입구3R-북(남향),일·공휴일,07,1.0000,0.8000,0.6635,2,8,0,0,35,151.0
항동중학교입구3R-북(남향),일·공휴일,07,0.8750,0.7692,-,1,8,1,0,7,131.0
항동중학교입구3R-북(남향),일·공휴일,08,1.0000,0.8000,0.6538,2,8,0,0,36,258.0
항동중학교입구3R-북(남향),일·공휴일,08,0.8750,0.7692,-,1,8,1,0,7,258.5
항동중학교입구3R-북(남향),일·공휴일,09,1.0000,0.8000,0.6442,2,8,0,0,37,326.5
항동중학교입구3R-북(남향),일·공휴일,09,0.8750,0.7692,-,1,8,1,0,7,312.0
항동중학교입구3R-북(남향),일·공휴일,10,1.0000,0.8000,0.6442,2,8,0,0,37,419.0
항동중학교입구3R-북(남향),일·공휴일,10,0.8750,0.7692,-,1,8,1,0,7,392.0
항동중학교입구3R-북(남향),일·공휴일,11,1.0000,0.8000,0.6442,2,8,0,0,37,389.0
항동중학교입구3R-북(남향),일·공휴일,11,0.8750,0.7692,-,1,8,1,0,7,360.0
항동중학교입구3R-북(남향),일·공휴일,12,1.0000,0.8000,0.6442,2,8,0,0,37,399.0
항동중학교입구3R-북(남향),일·공휴일,12,0.8750,0.7692,-,1,8,1,0,7,374.0
항동중학교입구3R-북(남향),일·공휴일,13,1.0000,0.8000,0.6442,2,8,0,0,37,431.0
항동중학교입구3R-북(남향),일·공휴일,13,0.8750,0.7692,-,1,8,1,0,7,405.0
항동중학교입구3R-북(남향),일·공휴일,14,1.0000,0.8000,0.6442,2,8,0,0,37,433.0
항동중학교입구3R-북(남향),일·공휴일,14,0.8750,0.7692,0.6442,2,8,1,0,7,433.0
항동중학교입구3R-북(남향),일·공휴일,15,1.0000,0.8000,0.6442,2,8,0,0,37,445.0
항동중학교입구3R-북(남향),일·공휴일,15,0.8750,0.7692,-,1,8,1,0,7,419.0
항동중학교입구3R-북(남향),일·공휴일,16,1.0000,0.8000,0.6442,2,8,0,0,37,436.0
항동중학교입구3R-북(남향),일·공휴일,16,0.8750,0.7692,-,1,8,1,0,7,417.5
항동중학교입구3R-북(남향),일·공휴일,17,1.0000,0.8000,0.6442,2,8,0,0,37,435.0
항동중학교입구3R-북(남향),일·공휴일,17,0.8750,0.7692,-,1,8,1,0,7,430.5
항동중학교입구3R-북(남향),일·공휴일,18,1.0000,0.8000,0.6442,2,8,0,0,37,378.0
항동중학교입구3R-북(남향),일·공휴일,18,0.8750,0.7692,-,1,8,1,0,7,348.5
항동중학교입구3R-북(남향),일·공휴일,19,1.0000,0.8000,0.6442,2,8,0,0,37,334.0
항동중학교입구3R-북(남향),일·공휴일,19,0.8750,0.7692,-,1,8,1,0,7,297.0
항동중학교입구3R-북(남향),일·공휴일,20,1.0000,0.8000,0.6442,2,8,0,0,37,271.0
항동중학교입구3R-북(남향),일·공휴일,20,0.8750,0.7692,-,1,8,1,0,7,236.5
항동중학교입구3R-북(남향),일·공휴일,21,1.0000,0.8000,0.6442,2,8,0,0,37,222.0
항동중학교입구3R-북(남향),일·공휴일,21,0.8750,0.7692,-,1,8,1,0,7,196.5
항동중학교입구3R-북(남향),일·공휴일,22,1.0000,0.8000,0.6442,2,8,0,0,37,148.0
항동중학교입구3R-북(남향),일·공휴일,22,0.8750,0.7692,-,1,8,1,0,7,118.0
항동중학교입구3R-북(남향),일·공휴일,23,1.0000,0.8000,0.6442,2,8,0,0,37,98.0
항동중학교입구3R-북(남향),일·공휴일,23,0.8750,0.7692,0.6442,2,8,1,0,7,98.0
항동중학교입구3R-동(서향),평일,00,1.0000,0.7955,-,1,46,0,0,201,12.0
항동중학교입구3R-동(서향),평일,00,0.9024,0.8062,0.6157,2,41,4,0,29,12.0
항동중학교입구3R-동(서향),평일,01,1.0000,0.7955,-,1,46,0,0,201,7.0
항동중학교입구3R-동(서향),평일,01,0.9024,0.8062,0.6157,2,41,4,0,29,8.0
항동중학교입구3R-동(서향),평일,02,1.0000,0.7955,-,1,46,0,0,200,5.0
항동중학교입구3R-동(서향),평일,02,0.9024,0.8062,0.6176,2,41,4,0,29,6.0
항동중학교입구3R-동(서향),평일,03,1.0000,0.8030,0.6214,2,46,0,0,198,5.0
항동중학교입구3R-동(서향),평일,03,0.9024,0.8062,0.6214,2,41,4,0,28,5.0
항동중학교입구3R-동(서향),평일,04,1.0000,0.8030,0.6214,2,46,0,0,198,7.0
항동중학교입구3R-동(서향),평일,04,0.9024,0.8062,0.6214,2,41,4,0,28,7.0
항동중학교입구3R-동(서향),평일,05,1.0000,0.8030,0.6195,2,46,0,0,199,13.0
항동중학교입구3R-동(서향),평일,05,0.9024,0.8062,0.6195,2,41,4,0,28,13.0
항동중학교입구3R-동(서향),평일,06,1.0000,0.8030,0.6214,2,46,0,0,198,27.0
항동중학교입구3R-동(서향),평일,06,0.9024,0.8062,0.6214,2,41,4,0,28,27.0
항동중학교입구3R-동(서향),평일,07,1.0000,0.8030,0.6214,2,46,0,0,198,71.0
항동중학교입구3R-동(서향),평일,07,0.9024,0.8062,0.6214,2,41,4,0,28,71.0
항동중학교입구3R-동(서향),평일,08,1.0000,0.8030,0.6214,2,46,0,0,198,109.0
항동중학교입구3R-동(서향),평일,08,0.9024,0.8062,0.6214,2,41,4,0,28,109.0
항동중학교입구3R-동(서향),평일,09,1.0000,0.8030,0.6195,2,46,0,0,199,84.0
항동중학교입구3R-동(서향),평일,09,0.9024,0.8062,0.6195,2,41,4,0,28,84.0
항동중학교입구3R-동(서향),평일,10,1.0000,0.7955,-,1,46,0,0,198,74.0
항동중학교입구3R-동(서향),평일,10,0.8780,0.8140,0.6214,2,41,5,0,29,76.0
항동중학교입구3R-동(서향),평일,11,1.0000,0.7955,-,1,46,0,0,196,71.0
항동중학교입구3R-동(서향),평일,11,0.8780,0.8062,0.6252,2,41,5,0,29,75.0
항동중학교입구3R-동(서향),평일,12,1.0000,0.7955,-,1,46,0,0,195,80.0
항동중학교입구3R-동(서향),평일,12,0.8780,0.8062,0.6272,2,41,5,0,29,80.0
항동중학교입구3R-동(서향),평일,13,1.0000,0.7955,-,1,46,0,0,195,88.0
항동중학교입구3R-동(서향),평일,13,0.8780,0.8062,0.6272,2,41,5,0,29,86.5
항동중학교입구3R-동(서향),평일,14,1.0000,0.8030,0.6272,2,46,0,0,195,90.0
항동중학교입구3R-동(서향),평일,14,0.8780,0.8062,0.6272,2,41,5,0,28,90.0
항동중학교입구3R-동(서향),평일,15,1.0000,0.7879,-,1,46,0,0,198,91.0
항동중학교입구3R-동(서향),평일,15,0.8537,0.7984,-,1,41,6,0,30,88.0
항동중학교입구3R-동(서향),평일,16,1.0000,0.7879,-,1,46,0,0,198,116.5
항동중학교입구3R-동(서향),평일,16,0.8537,0.7907,-,1,41,6,0,31,114.0
항동중학교입구3R-동(서향),평일,17,1.0000,0.7879,-,1,46,0,0,201,134.0
항동중학교입구3R-동(서향),평일,17,0.8537,0.7907,-,1,41,6,0,31,133.0
항동중학교입구3R-동(서향),평일,18,1.0000,0.7879,-,1,46,0,0,203,140.0
항동중학교입구3R-동(서향),평일,18,0.8537,0.7907,-,1,41,6,0,31,146.0
항동중학교입구3R-동(서향),평일,19,1.0000,0.7879,-,1,46,0,0,203,105.0
항동중학교입구3R-동(서향),평일,19,0.8537,0.7907,-,1,41,6,0,31,102.0
항동중학교입구3R-동(서향),평일,20,1.0000,0.7879,-,1,46,0,0,204,76.5
항동중학교입구3R-동(서향),평일,20,0.8537,0.7907,-,1,41,6,0,31,76.0
항동중학교입구3R-동(서향),평일,21,1.0000,0.7879,-,1,46,0,0,204,54.0
항동중학교입구3R-동(서향),평일,21,0.8537,0.7907,-,1,41,6,1,31,53.0
항동중학교입구3R-동(서향),평일,22,1.0000,0.7955,-,1,46,0,0,203,39.0
항동중학교입구3R-동(서향),평일,22,0.8780,0.7984,-,1,41,5,0,30,35.5
항동중학교입구3R-동(서향),평일,23,1.0000,0.7879,-,1,46,0,0,204,20.5
항동중학교입구3R-동(서향),평일,23,0.8780,0.7984,-,1,41,5,0,31,19.5
항동중학교입구3R-동(서향),토요일,00,1.0000,0.7917,0.6250,2,8,0,0,39,17.0
항동중학교입구3R-동(서향),토요일,00,0.8750,0.7692,-,1,8,1,0,6,16.0
항동중학교입구3R-동(서향),토요일,01,1.0000,0.7917,-,1,8,0,0,39,9.0
항동중학교입구3R-동(서향),토요일,01,0.8750,0.7692,-,1,8,1,0,6,9.0
항동중학교입구3R-동(서향),토요일,02,1.0000,0.7917,0.6250,2,8,0,0,39,7.0
항동중학교입구3R-동(서향),토요일,02,0.8750,0.7692,-,1,8,1,0,6,8.0
항동중학교입구3R-동(서향),토요일,03,1.0000,0.7917,-,1,8,0,0,39,5.0
항동중학교입구3R-동(서향),토요일,03,0.8750,0.7692,-,1,8,1,0,6,8.0
항동중학교입구3R-동(서향),토요일,04,1.0000,0.7917,-,1,8,0,0,39,7.0
항동중학교입구3R-동(서향),토요일,04,0.8750,0.7692,-,1,8,1,0,6,6.0
항동중학교입구3R-동(서향),토요일,05,1.0000,0.7917,-,1,8,0,0,39,12.0
항동중학교입구3R-동(서향),토요일,05,0.8750,0.7692,-,1,8,1,0,6,9.5
항동중학교입구3R-동(서향),토요일,06,1.0000,0.7917,-,1,8,0,0,39,14.0
항동중학교입구3R-동(서향),토요일,06,0.8750,0.7692,0.6250,2,8,1,0,6,16.0
항동중학교입구3R-동(서향),토요일,07,1.0000,0.7917,-,1,8,0,0,39,21.0
항동중학교입구3R-동(서향),토요일,07,0.8750,0.7692,-,1,8,1,0,6,23.0
항동중학교입구3R-동(서향),토요일,08,1.0000,0.7917,-,1,8,0,0,39,47.0
항동중학교입구3R-동(서향),토요일,08,0.8750,0.7692,-,1,8,1,0,6,51.5
항동중학교입구3R-동(서향),토요일,09,1.0000,0.7917,0.6250,2,8,0,0,39,73.0
항동중학교입구3R-동(서향),토요일,09,0.8750,0.7692,0.6250,2,8,1,0,6,73.0
항동중학교입구3R-동(서향),토요일,10,1.0000,0.7917,-,1,8,0,0,39,83.0
항동중학교입구3R-동(서향),토요일,10,0.8750,0.7692,-,1,8,1,0,6,86.0
항동중학교입구3R-동(서향),토요일,11,1.0000,0.7917,-,1,8,0,0,39,106.0
항동중학교입구3R-동(서향),토요일,11,0.8750,0.7692,-,1,8,1,0,6,108.0
항동중학교입구3R-동(서향),토요일,12,1.0000,0.7917,-,1,8,0,0,39,113.0
항동중학교입구3R-동(서향),토요일,12,0.8750,0.7692,-,1,8,1,0,6,127.0
항동중학교입구3R-동(서향),토요일,13,1.0000,0.7917,-,1,8,0,0,39,104.0
항동중학교입구3R-동(서향),토요일,13,0.8750,0.7692,-,1,8,1,0,6,121.0
항동중학교입구3R-동(서향),토요일,14,1.0000,0.7917,-,1,8,0,0,39,106.0
항동중학교입구3R-동(서향),토요일,14,0.8750,0.7692,-,1,8,1,0,6,107.5
항동중학교입구3R-동(서향),토요일,15,1.0000,0.7917,0.6250,2,8,0,0,39,106.0
항동중학교입구3R-동(서향),토요일,15,0.8750,0.7692,-,1,8,1,0,6,103.0
항동중학교입구3R-동(서향),토요일,16,1.0000,0.8333,0.6346,2,8,0,0,38,112.5
항동중학교입구3R-동(서향),토요일,16,0.8750,0.7692,-,1,8,1,0,5,126.0
항동중학교입구3R-동(서향),토요일,17,1.0000,0.8333,0.6346,2,8,0,0,38,119.0
항동중학교입구3R-동(서향),토요일,17,0.8750,0.7692,-,1,8,1,0,5,118.0
항동중학교입구3R-동(서향),토요일,18,1.0000,0.8333,0.6346,2,8,0,0,38,125.5
항동중학교입구3R-동(서향),토요일,18,0.8750,0.7692,-,1,8,1,0,5,131.0
항동중학교입구3R-동(서향),토요일,19,1.0000,0.8333,0.6442,2,8,0,0,37,101.0
항동중학교입구3R-동(서향),토요일,19,0.8750,0.7692,-,1,8,1,0,5,98.5
항동중학교입구3R-동(서향),토요일,20,1.0000,0.7917,-,1,8,0,0,38,69.0
항동중학교입구3R-동(서향),토요일,20,0.8750,0.7692,-,1,8,1,0,6,83.0
항동중학교입구3R-동(서향),토요일,21,1.0000,0.7917,-,1,8,0,0,38,59.0
항동중학교입구3R-동(서향),토요일,21,0.8750,0.7692,-,1,8,1,0,6,59.0
항동중학교입구3R-동(서향),토요일,22,1.0000,0.7917,-,1,8,0,0,38,40.0
항동중학교입구3R-동(서향),토요일,22,0.8750,0.7692,-,1,8,1,0,6,39.0
항동중학교입구3R-동(서향),토요일,23,1.0000,0.7917,-,1,8,0,0,37,22.0
항동중학교입구3R-동(서향),토요일,23,0.8750,0.7692,-,1,8,1,0,6,25.0
항동중학교입구3R-동(서향),일·공휴일,00,1.0000,0.8000,0.6442,2,8,0,0,37,15.0
항동중학교입구3R-동(서향),일·공휴일,00,0.8750,0.7692,-,1,8,1,0,6,13.5
항동중학교입구3R-동(서향),일·공휴일,01,1.0000,0.8000,0.6442,2,8,0,0,37,8.5
항동중학교입구3R-동(서향),일·공휴일,01,0.8750,0.7692,-,1,8,1,0,6,8.0
항동중학교입구3R-동(서향),일·공휴일,02,1.0000,0.8000,0.6442,2,8,0,0,37,7.0
항동중학교입구3R-동(서향),일·공휴일,02,0.8750,0.7692,-,1,8,1,0,6,6.5
항동중학교입구3R-동(서향),일·공휴일,03,1.0000,0.8000,0.6442,2,8,0,0,37,5.0
항동중학교입구3R-동(서향),일·공휴일,03,0.8750,0.7692,-,1,8,1,0,6,4.5
항동중학교입구3R-동(서향),일·공휴일,04,1.0000,0.8000,0.6538,2,8,0,0,36,3.0
항동중학교입구3R-동(서향),일·공휴일,04,0.8750,0.7692,-,1,8,1,0,6,3.5
항동중학교입구3R-동(서향),일·공휴일,05,1.0000,0.8400,0.6635,2,8,0,0,35,7.0
항동중학교입구3R-동(서향),일·공휴일,05,0.8750,0.7692,-,1,8,1,0,5,6.5
항동중학교입구3R-동(서향),일·공휴일,06,1.0000,0.8400,0.6635,2,8,0,0,35,11.0
항동중학교입구3R-동(서향),일·공휴일,06,0.8750,0.7692,-,1,8,1,0,5,10.0
항동중학교입구3R-동(서향),일·공휴일,07,1.0000,0.8400,0.6635,2,8,0,0,35,16.0
항동중학교입구3R-동(서향),일·공휴일,07,0.8750,0.7692,-,1,8,1,0,5,12.5
항동중학교입구3R-동(서향),일·공휴일,08,1.0000,0.8000,0.6442,2,8,0,0,37,30.0
항동중학교입구3R-동(서향),일·공휴일,08,0.8750,0.7692,-,1,8,1,0,6,30.0
항동중학교입구3R-동(서향),일·공휴일,09,1.0000,0.8000,0.6346,2,8,0,0,38,54.0
항동중학교입구3R-동(서향),일·공휴일,09,0.8750,0.7692,-,1,8,1,0,6,47.5
항동중학교입구3R-동(서향),일·공휴일,10,1.0000,0.8000,0.6346,2,8,0,0,38,75.0
항동중학교입구3R-동(서향),일·공휴일,10,0.8750,0.7692,-,1,8,1,0,6,72.0
항동중학교입구3R-동(서향),일·공휴일,11,1.0000,0.8000,0.6346,2,8,0,0,38,81.5
항동중학교입구3R-동(서향),일·공휴일,11,0.8750,0.7692,-,1,8,1,0,6,72.0
항동중학교입구3R-동(서향),일·공휴일,12,1.0000,0.8000,0.6346,2,8,0,0,38,96.0
항동중학교입구3R-동(서향),일·공휴일,12,0.8750,0.7692,-,1,8,1,0,6,94.0
항동중학교입구3R-동(서향),일·공휴일,13,1.0000,0.8000,0.6346,2,8,0,0,38,98.0
항동중학교입구3R-동(서향),일·공휴일,13,0.8750,0.7692,-,1,8,1,0,6,99.5
항동중학교입구3R-동(서향),일·공휴일,14,1.0000,0.8000,0.6346,2,8,0,0,38,100.0
항동중학교입구3R-동(서향),일·공휴일,14,0.8750,0.7692,-,1,8,1,0,6,100.0
항동중학교입구3R-동(서향),일·공휴일,15,1.0000,0.8000,0.6346,2,8,0,0,38,96.0
항동중학교입구3R-동(서향),일·공휴일,15,0.8750,0.7692,-,1,8,1,0,6,97.0
항동중학교입구3R-동(서향),일·공휴일,16,1.0000,0.8000,0.6346,2,8,0,0,38,91.0
항동중학교입구3R-동(서향),일·공휴일,16,0.8750,0.7692,-,1,8,1,0,6,92.0
항동중학교입구3R-동(서향),일·공휴일,17,1.0000,0.8000,0.6346,2,8,0,0,38,95.0
항동중학교입구3R-동(서향),일·공휴일,17,0.8750,0.7692,-,1,8,1,0,6,94.0
항동중학교입구3R-동(서향),일·공휴일,18,1.0000,0.8000,0.6346,2,8,0,0,38,99.5
항동중학교입구3R-동(서향),일·공휴일,18,0.8750,0.7692,-,1,8,1,0,6,98.0
항동중학교입구3R-동(서향),일·공휴일,19,1.0000,0.8000,0.6346,2,8,0,0,38,87.0
항동중학교입구3R-동(서향),일·공휴일,19,0.8750,0.7692,-,1,8,1,0,6,82.0
항동중학교입구3R-동(서향),일·공휴일,20,1.0000,0.8000,0.6346,2,8,0,0,38,75.0
항동중학교입구3R-동(서향),일·공휴일,20,0.8750,0.7692,-,1,8,1,0,6,64.0
항동중학교입구3R-동(서향),일·공휴일,21,1.0000,0.8000,0.6346,2,8,0,0,38,48.5
항동중학교입구3R-동(서향),일·공휴일,21,0.8750,0.7692,-,1,8,1,0,6,48.0
항동중학교입구3R-동(서향),일·공휴일,22,1.0000,0.8000,0.6346,2,8,0,0,38,29.5
항동중학교입구3R-동(서향),일·공휴일,22,0.8750,0.7692,-,1,8,1,0,6,30.5
항동중학교입구3R-동(서향),일·공휴일,23,1.0000,0.8000,0.6346,2,8,0,0,38,15.5
항동중학교입구3R-동(서향),일·공휴일,23,0.8750,0.7692,-,1,8,1,0,6,13.5
